{
  "model_path": "./cnn_model_0",
  "kernel_sizes_cnn": [
    1,
    2,
    3
  ],
  "filters_cnn": 256,
  "embedding_size": 100,
  "lear_metrics": "binary_accuracy fmeasure",
  "confident_threshold": 0.5,
  "model_from_saved": false,
  "optimizer": "Adam",
  "lear_rate": 0.1,
  "lear_rate_decay": 0.1,
  "loss": "binary_crossentropy",
  "fasttext_model": "./reddit_fasttext_model.bin",
  "module": "fasttext",
  "text_size": 15,
  "coef_reg_cnn": 0.0001,
  "coef_reg_den": 0.0001,
  "dropout_rate": 0.5,
  "epochs": 1000,
  "dense_size": 100,
  "model_name": "cnn_model",
  "batch_size": 64,
  "val_every_n_epochs": 5,
  "verbose": true,
  "val_patience": 5,
  "show_examples": false,
  "classes": "AddToPlaylist BookRestaurant GetWeather PlayMusic RateBook SearchCreativeWork SearchScreeningEvent"
}